Przedsiebiorstwo;NIP;Adres;Kod_pocztowy;Miasto
SUWARY-PACKING SP.Z O.O.;7311677889;ul. ks. Piotra Skargi 45/47;95-200;Pabianice
T & E HOUSE SPÓŁKA Z OGRANICZONĄ ODPOWIEDZIALNOŚCIĄ;12-516-473-43;Batalionów Chłopskich 17;05-250;Radzymin
WOODPECKER.CO SPÓŁKA AKCYJNA;899-27-69-179;ul. Krakowska 29D;50-424;Wrocław
SINCLAN SPÓŁKA Z OGRANICZONĄ ODPOWIEDZIALNOŚCIĄ SPÓŁKA KOMANDYTOWA;113 25 06 441;Grochowska 45F;041-86;Warszawa
APTEKA IM.WILHELMA ZAJĄCZKOWSKIEGO SPÓŁKA Z OGRANICZONĄ ODPOWIEDZIALNOŚCIĄ;9650126791;Słowackiego 10;38-100;Strzyżów
K&R KADRY I PŁACE SPÓŁKA Z OGRANICZONĄ ODPOWIEDZIALNOŚCIĄ;836 18 73 328;Juliusza Słowackiego 28;96-100;Skierniewice
"PRZEDSIĘBIORSTWO USŁUG KOMUNALNYCH ""SANIKO"" SPÓŁKA Z OGRANICZONĄ ODPOWIEDZIALNOŚCIĄ";577 16 73 679;Prusa 70;43-300;Myszków
BIURO HANDLOWE STARY KROTOSZYN SPÓŁKA Z OGRANICZONĄ ODPOWIEDZIALNOŚCIĄ;6211836655;Przemysłowa 14;63-700;Zduny
SPÓŁDZIELNA PRODUCENTÓW ŻYWCA WOŁOWEGO CHOJNO;699 19 59 160;Chojno 65/2;63-921;Chojno
V + D - E.J. DUDEK SPÓŁKA JAWNA;6790164525;Stoczniowców 5;30-709;Kraków
ZAKŁADY MIĘSNE ŁUKÓW SPÓŁKA AKCYJNA;825-00-03-251;Przemysłowa 15;21-400;Łuków
GOMAR PIŃCZÓW SPÓŁKA Z OGRANICZONĄ ODPOWIEDZIALNOŚCIĄ;662-18-17-479;Przemysłowa 6;28-400;Pińczów
BUDRA ŁOWICZ SPÓŁKA Z OGRANICZONĄ ODPOWIEDZIALNOŚCIĄ;8341882488;Bolimowska 58A;99-400;Łowicz
"'STOMIL-POZNAŃ' SPÓŁKA AKCYJNA";7770020717;Starołęcka 18;61-361;Poznań